timestamp,user_id,source_ip,destination_ip,action
2023-06-04 23:34:18.797456,62,192.168.1.1,192.168.1.3,allow
2023-05-08 11:18:01.604667,19,192.168.1.2,10.0.0.4,deny
2023-12-13 14:19:39.863786,98,10.0.0.2,10.0.0.3,deny
2023-10-09 04:57:47.174740,32,192.168.1.1,10.0.0.3,deny
2023-01-11 05:55:09.578930,7,10.0.0.1,192.168.1.4,deny
2023-08-31 01:49:54.111378,8,192.168.1.1,192.168.1.3,allow
2023-01-01 22:27:15.164990,57,192.168.1.1,10.0.0.3,deny
2023-01-06 22:53:26.433559,56,10.0.0.1,10.0.0.4,allow
2023-08-11 05:32:05.426095,14,10.0.0.1,10.0.0.4,deny
2023-05-26 15:31:47.652643,13,192.168.1.1,192.168.1.3,deny
2023-12-11 18:20:32.120927,98,192.168.1.1,192.168.1.3,deny
2023-08-16 00:05:16.913784,55,10.0.0.2,192.168.1.4,allow
2023-12-15 22:29:35.544715,2,192.168.1.2,192.168.1.4,deny
2023-06-22 10:31:05.768895,62,10.0.0.2,10.0.0.4,allow
2023-05-10 14:21:23.385458,66,192.168.1.1,192.168.1.4,deny
2023-12-25 02:27:22.898127,10,10.0.0.1,192.168.1.4,allow
2023-02-19 18:25:57.817074,74,192.168.1.2,192.168.1.3,allow
2023-09-28 18:39:34.764992,48,192.168.1.2,192.168.1.4,deny
2023-06-19 14:49:45.412373,70,10.0.0.2,10.0.0.3,allow
2023-02-10 04:58:44.265158,10,10.0.0.1,192.168.1.3,deny
2023-01-26 00:26:17.353905,96,192.168.1.1,10.0.0.3,deny
2023-10-12 04:49:48.618782,74,192.168.1.1,192.168.1.3,allow
2023-10-20 03:06:01.370117,83,192.168.1.1,192.168.1.4,deny
2023-03-27 12:41:41.609366,26,192.168.1.1,10.0.0.4,deny
2023-08-26 04:18:49.409513,16,192.168.1.1,10.0.0.4,deny
2023-01-29 18:08:54.079593,60,10.0.0.1,10.0.0.4,allow
2023-01-05 13:08:09.104353,93,192.168.1.2,192.168.1.4,deny
2023-08-03 16:05:19.678638,59,10.0.0.1,10.0.0.3,allow
2023-03-27 16:35:02.219443,97,10.0.0.2,192.168.1.4,deny
2023-11-13 07:27:59.328751,66,192.168.1.1,192.168.1.3,deny
2023-07-08 23:16:24.168955,20,192.168.1.2,192.168.1.3,deny
2023-06-20 02:11:05.421346,92,10.0.0.2,192.168.1.4,allow
2023-08-24 07:22:57.988121,97,192.168.1.1,10.0.0.4,deny
2023-12-03 13:08:42.640780,64,192.168.1.1,10.0.0.4,deny
2023-05-04 04:52:11.777048,56,192.168.1.2,192.168.1.4,deny
2023-11-18 20:41:29.129846,96,10.0.0.1,192.168.1.3,allow
2023-02-15 01:24:47.109897,4,10.0.0.2,192.168.1.3,allow
2023-11-02 06:12:11.703132,9,192.168.1.2,10.0.0.4,allow
2023-09-04 13:02:15.824004,89,10.0.0.1,10.0.0.3,deny
2023-12-09 06:37:21.525237,89,192.168.1.2,10.0.0.3,allow
2023-03-23 23:16:09.901880,99,192.168.1.2,192.168.1.4,deny
2023-12-22 02:35:27.433494,44,192.168.1.1,10.0.0.3,deny
2023-10-18 08:11:09.500973,21,192.168.1.2,10.0.0.3,allow
2023-12-25 05:58:35.672053,71,192.168.1.1,192.168.1.3,deny
2023-04-06 19:02:25.228579,90,10.0.0.2,192.168.1.3,allow
2023-03-17 21:59:45.379528,35,192.168.1.2,192.168.1.4,deny
2023-11-26 12:12:12.177669,76,192.168.1.1,192.168.1.3,deny
2023-06-11 05:12:02.201906,45,10.0.0.1,10.0.0.4,allow
2023-06-18 16:48:42.008126,91,192.168.1.2,192.168.1.3,deny
2023-04-22 23:55:21.700900,19,192.168.1.1,10.0.0.3,deny
2023-02-10 01:35:19.477847,37,10.0.0.2,192.168.1.3,allow
2023-10-12 00:56:01.037493,59,10.0.0.2,192.168.1.4,deny
2023-05-26 07:21:35.144628,59,10.0.0.1,192.168.1.4,allow
2023-08-05 13:00:32.211607,66,192.168.1.1,10.0.0.3,deny
2023-08-01 14:17:38.013347,77,192.168.1.1,10.0.0.4,deny
2023-11-07 01:40:02.960024,34,10.0.0.2,192.168.1.4,deny
2023-09-01 19:27:19.935936,84,10.0.0.2,10.0.0.3,deny
2023-05-13 14:52:27.581961,50,10.0.0.2,192.168.1.3,deny
2023-04-05 00:54:50.980853,40,192.168.1.1,10.0.0.4,deny
2023-05-04 01:49:49.565099,22,192.168.1.1,10.0.0.3,allow
2023-04-07 23:08:31.875545,39,192.168.1.1,192.168.1.3,allow
2023-02-14 09:56:16.066614,86,10.0.0.1,10.0.0.4,allow
2023-04-27 01:18:03.958341,44,10.0.0.2,192.168.1.3,deny
2023-12-30 19:20:58.806251,27,192.168.1.2,192.168.1.4,deny
2023-01-17 14:53:52.703977,80,10.0.0.1,10.0.0.4,allow
2023-04-23 09:03:50.673739,95,192.168.1.1,192.168.1.3,allow
2023-03-29 19:46:34.781602,79,192.168.1.1,192.168.1.4,deny
2023-10-26 16:05:39.333276,32,10.0.0.2,192.168.1.4,deny
2023-01-29 13:20:57.963948,7,10.0.0.2,10.0.0.3,allow
2023-01-16 17:10:25.424006,84,10.0.0.2,192.168.1.3,deny
2023-02-24 01:36:21.558719,95,192.168.1.1,10.0.0.3,allow
2023-02-12 04:51:31.508804,98,192.168.1.2,192.168.1.3,deny
2023-08-15 11:39:43.176971,99,192.168.1.2,192.168.1.3,allow
2023-08-20 04:10:07.379215,3,192.168.1.1,192.168.1.4,deny
2023-12-12 11:21:33.847714,62,192.168.1.1,10.0.0.3,deny
2023-02-07 08:26:23.556366,15,192.168.1.2,192.168.1.3,allow
2023-12-25 21:45:33.091198,87,10.0.0.2,10.0.0.3,allow
2023-07-17 05:51:59.764153,33,10.0.0.1,192.168.1.4,deny
2023-10-30 11:42:34.710930,47,192.168.1.2,10.0.0.4,deny
2023-02-21 06:00:48.358445,14,192.168.1.1,192.168.1.4,allow
2023-11-01 07:11:36.901749,54,192.168.1.2,192.168.1.3,deny
2023-02-17 06:19:09.304784,58,192.168.1.2,192.168.1.4,allow
2023-06-19 07:35:24.865037,97,192.168.1.2,192.168.1.4,deny
2023-03-29 17:06:33.134713,51,10.0.0.2,10.0.0.4,allow
2023-03-26 09:57:36.123180,96,10.0.0.1,10.0.0.3,allow
2023-10-22 00:31:51.035453,93,192.168.1.1,192.168.1.3,allow
2023-10-05 12:02:28.495515,41,192.168.1.1,192.168.1.4,allow
2023-08-09 08:33:01.032044,36,192.168.1.1,192.168.1.3,allow
2023-12-29 02:08:05.101715,40,10.0.0.2,10.0.0.3,deny
2023-07-16 09:44:33.501213,9,10.0.0.2,192.168.1.3,deny
2023-10-21 07:57:46.709847,30,10.0.0.1,192.168.1.3,deny
2023-04-26 20:10:55.780909,11,10.0.0.1,192.168.1.4,deny
2023-11-22 05:31:44.303922,8,10.0.0.1,10.0.0.4,allow
2023-02-22 17:49:34.533049,28,10.0.0.1,192.168.1.4,allow
2023-06-11 01:00:22.953550,62,10.0.0.2,192.168.1.3,allow
2023-09-10 15:01:27.698246,83,192.168.1.2,10.0.0.4,deny
2023-08-12 13:06:06.497290,59,192.168.1.1,192.168.1.3,deny
2023-09-25 06:08:31.780304,6,192.168.1.2,10.0.0.3,allow
2023-06-07 16:21:34.514341,81,192.168.1.1,10.0.0.4,deny
2023-07-07 07:16:10.724353,58,192.168.1.1,192.168.1.3,allow
2023-10-01 13:08:59.176806,21,192.168.1.1,192.168.1.4,deny
2023-08-14 06:11:46.518292,5,10.0.0.1,192.168.1.3,deny
2023-02-27 18:25:10.021537,87,10.0.0.1,192.168.1.4,deny
2023-08-09 23:28:56.417228,6,10.0.0.2,10.0.0.3,allow
2023-06-23 18:27:39.755900,35,10.0.0.1,192.168.1.3,allow
2023-09-06 05:45:55.125859,28,10.0.0.2,10.0.0.3,deny
2023-05-02 18:32:08.705555,17,192.168.1.1,192.168.1.3,deny
2023-01-23 02:56:23.641078,16,10.0.0.1,10.0.0.4,allow
2023-02-02 05:37:18.698867,16,10.0.0.2,192.168.1.3,deny
2023-12-07 11:30:04.141272,79,10.0.0.1,192.168.1.3,allow
2023-11-18 23:03:43.696629,52,192.168.1.2,10.0.0.4,allow
2023-06-11 14:01:46.570140,63,192.168.1.2,192.168.1.4,deny
2023-04-26 21:59:14.272279,7,10.0.0.2,192.168.1.3,allow
2023-12-07 04:18:42.391989,1,10.0.0.1,192.168.1.3,allow
2023-11-16 18:08:05.532042,1,10.0.0.2,10.0.0.3,allow
2023-07-27 06:39:33.135273,96,10.0.0.2,10.0.0.4,deny
2023-03-12 03:14:42.562792,76,10.0.0.1,192.168.1.3,allow
2023-04-01 00:23:35.904708,12,192.168.1.1,192.168.1.3,deny
2023-04-02 04:32:35.226016,84,10.0.0.2,192.168.1.3,deny
2023-09-08 04:34:20.051462,21,10.0.0.1,10.0.0.4,allow
2023-11-14 04:56:21.639729,24,192.168.1.1,10.0.0.3,deny
2023-03-21 22:10:30.115712,51,192.168.1.1,10.0.0.4,allow
2023-07-06 09:36:20.699312,82,10.0.0.1,10.0.0.4,allow
2023-07-24 20:35:49.779056,97,192.168.1.2,10.0.0.3,allow
2023-05-15 09:12:09.300280,61,192.168.1.1,10.0.0.3,deny
2023-01-31 01:26:48.445851,24,192.168.1.2,192.168.1.4,deny
2023-08-31 19:53:48.952326,46,192.168.1.2,192.168.1.4,allow
2023-01-01 19:33:20.390363,84,192.168.1.1,10.0.0.3,deny
2023-05-22 13:39:39.577999,76,10.0.0.1,192.168.1.4,deny
2023-02-11 22:50:37.550462,3,10.0.0.2,192.168.1.4,allow
2023-04-10 18:21:29.696304,32,10.0.0.2,192.168.1.4,deny
2023-05-07 22:04:53.364058,95,192.168.1.2,10.0.0.3,deny
2023-06-09 14:43:22.817637,10,192.168.1.2,192.168.1.3,deny
2023-10-29 07:12:06.805605,81,192.168.1.2,192.168.1.3,deny
2023-12-05 00:07:52.259392,92,192.168.1.2,10.0.0.4,deny
2023-10-13 16:54:22.294849,32,10.0.0.2,10.0.0.3,allow
2023-01-20 12:39:31.417629,40,10.0.0.2,192.168.1.3,allow
2023-05-20 13:07:52.978086,45,192.168.1.2,192.168.1.4,allow
2023-09-03 00:13:29.761950,1,192.168.1.1,10.0.0.4,allow
2023-03-06 22:10:54.368112,30,10.0.0.2,10.0.0.4,deny
2023-04-03 12:40:23.554013,70,10.0.0.1,10.0.0.3,allow
2023-07-16 23:38:05.763166,99,10.0.0.2,10.0.0.4,allow
2023-02-09 19:30:56.340293,4,192.168.1.1,10.0.0.4,deny
2023-11-23 06:22:31.972968,58,10.0.0.2,192.168.1.4,deny
2023-03-08 22:39:12.974409,86,10.0.0.1,10.0.0.4,deny
2023-02-18 20:46:10.975910,4,192.168.1.1,10.0.0.3,deny
2023-04-02 04:41:54.742103,98,192.168.1.1,10.0.0.4,allow
2023-06-16 10:14:16.468006,12,192.168.1.1,10.0.0.3,deny
2023-08-07 08:58:53.278913,9,10.0.0.1,192.168.1.4,allow
2023-06-09 16:28:11.712020,72,192.168.1.1,10.0.0.3,deny
2023-03-26 02:39:47.028422,66,10.0.0.1,10.0.0.3,deny
2023-01-16 16:45:02.389738,81,10.0.0.2,192.168.1.3,deny
2023-01-16 02:47:13.181739,20,192.168.1.1,10.0.0.3,allow
2023-07-25 08:53:55.663421,6,10.0.0.1,10.0.0.4,allow
2023-03-28 22:26:25.409660,19,10.0.0.2,192.168.1.3,deny
2023-12-24 19:15:22.454425,58,192.168.1.2,192.168.1.3,allow
2023-01-01 13:51:56.798641,16,192.168.1.2,10.0.0.4,allow
2023-06-17 07:09:47.983730,23,10.0.0.1,192.168.1.3,deny
2023-01-12 22:27:54.857263,55,10.0.0.2,10.0.0.4,allow
2023-10-30 11:00:18.599141,80,192.168.1.1,10.0.0.4,deny
2023-03-31 18:16:23.278973,30,10.0.0.1,192.168.1.3,deny
2023-02-21 15:47:21.974047,22,10.0.0.1,10.0.0.3,deny
2023-09-27 18:27:11.272669,9,10.0.0.2,192.168.1.3,allow
2023-07-13 22:45:14.162755,63,192.168.1.2,192.168.1.4,deny
2023-10-08 19:18:04.241297,51,10.0.0.2,10.0.0.4,deny
2023-08-08 09:56:38.402836,46,10.0.0.1,192.168.1.4,allow
2023-11-17 19:18:13.192670,24,192.168.1.1,192.168.1.4,deny
2023-09-29 09:06:48.625371,5,10.0.0.2,10.0.0.4,allow
2023-11-02 09:03:38.042790,14,192.168.1.2,10.0.0.4,allow
2023-02-19 11:14:17.680036,4,192.168.1.1,10.0.0.4,allow
2023-11-16 17:05:20.857819,94,192.168.1.1,10.0.0.4,allow
2023-05-20 12:07:34.645596,18,192.168.1.1,192.168.1.3,allow
2023-03-23 03:34:23.336283,87,192.168.1.2,192.168.1.3,allow
2023-11-28 02:30:58.438774,16,192.168.1.2,10.0.0.3,allow
2023-12-17 16:06:19.160108,19,10.0.0.1,192.168.1.3,deny
2023-06-06 20:00:31.791394,6,192.168.1.2,192.168.1.4,allow
2023-03-28 02:07:34.491249,73,10.0.0.2,10.0.0.4,deny
2023-12-22 22:21:30.202193,45,192.168.1.1,10.0.0.4,deny
2023-03-01 14:28:55.668711,19,192.168.1.2,10.0.0.3,deny
2023-01-27 05:10:57.967507,45,10.0.0.2,192.168.1.3,deny
2023-04-16 11:48:41.109241,17,10.0.0.1,192.168.1.3,deny
2023-03-21 07:56:06.685066,39,192.168.1.2,10.0.0.3,allow
2023-05-24 09:33:39.287653,33,10.0.0.2,10.0.0.4,deny
2023-01-03 10:28:20.008487,57,192.168.1.1,10.0.0.3,deny
2023-08-21 01:40:34.003155,10,10.0.0.2,10.0.0.4,deny
2023-08-24 11:26:57.233441,7,192.168.1.1,192.168.1.4,deny
2023-06-23 02:29:48.394242,56,10.0.0.2,10.0.0.3,deny
2023-09-25 00:01:48.312612,9,192.168.1.2,10.0.0.4,deny
2023-09-19 08:38:26.586563,76,192.168.1.2,10.0.0.3,deny
2023-02-17 06:51:43.464680,42,192.168.1.2,10.0.0.4,allow
2023-05-30 08:15:12.794540,46,192.168.1.2,192.168.1.3,deny
2023-09-02 04:51:31.816765,76,10.0.0.1,192.168.1.3,deny
2023-02-26 04:35:42.337083,88,192.168.1.2,10.0.0.3,allow
2023-08-22 03:56:36.468088,42,10.0.0.2,10.0.0.4,allow
2023-07-04 11:10:15.644388,20,10.0.0.1,10.0.0.4,allow
2023-05-31 10:02:45.959578,38,10.0.0.1,10.0.0.3,deny
2023-12-08 16:25:03.917258,75,10.0.0.1,192.168.1.4,allow
2023-07-21 08:22:38.575689,63,192.168.1.2,10.0.0.3,deny
2023-08-02 05:54:49.007311,30,10.0.0.2,10.0.0.3,allow
2023-07-17 09:19:39.272679,74,10.0.0.2,192.168.1.4,deny
2023-04-23 21:53:06.084054,79,192.168.1.1,10.0.0.3,deny
2023-07-07 13:32:26.089685,94,192.168.1.2,10.0.0.3,deny
2023-02-22 04:02:17.899510,40,10.0.0.2,192.168.1.3,deny
2023-11-25 22:21:27.583764,51,10.0.0.1,192.168.1.4,deny
2023-06-10 23:20:12.140949,95,10.0.0.1,10.0.0.3,deny
2023-03-09 13:34:54.422871,65,10.0.0.1,192.168.1.3,allow
2023-12-02 03:52:12.137015,87,10.0.0.2,10.0.0.3,allow
2023-09-16 07:18:57.111256,34,192.168.1.1,10.0.0.3,allow
2023-12-19 04:41:51.105997,89,192.168.1.1,10.0.0.4,allow
2023-12-17 02:12:10.468298,55,10.0.0.1,10.0.0.3,allow
2023-11-30 21:31:34.329288,99,10.0.0.2,192.168.1.3,deny
2023-06-15 05:28:48.061429,51,10.0.0.1,10.0.0.4,allow
2023-02-20 14:45:16.733656,49,192.168.1.1,192.168.1.3,allow
2023-11-10 21:20:00.290899,56,192.168.1.1,10.0.0.3,allow
2023-08-24 22:21:18.764770,7,10.0.0.1,192.168.1.3,deny
2023-12-15 22:52:34.753577,5,10.0.0.1,10.0.0.4,allow
2023-10-01 08:24:28.730154,37,192.168.1.2,192.168.1.4,allow
2023-02-08 17:20:23.851563,56,192.168.1.2,192.168.1.4,deny
2023-06-12 08:17:37.524547,36,10.0.0.2,10.0.0.3,deny
2023-08-18 20:11:34.369588,87,10.0.0.2,192.168.1.4,allow
2023-10-26 00:51:13.098875,45,192.168.1.2,10.0.0.4,allow
2023-03-07 08:33:34.595806,2,192.168.1.2,10.0.0.3,deny
2023-07-31 11:17:16.482662,70,10.0.0.1,192.168.1.4,allow
2023-08-19 22:16:18.334842,16,192.168.1.1,192.168.1.3,deny
2023-06-06 18:38:34.338785,59,10.0.0.2,192.168.1.3,allow
2023-10-18 15:45:44.822013,38,192.168.1.2,192.168.1.3,deny
2023-04-09 13:49:37.927768,51,10.0.0.2,10.0.0.4,allow
2023-07-28 06:30:14.253015,25,192.168.1.1,10.0.0.3,allow
2023-10-08 02:16:20.667706,54,192.168.1.2,10.0.0.4,deny
2023-10-26 19:50:31.025798,79,192.168.1.2,192.168.1.3,deny
2023-08-28 19:34:08.693511,99,10.0.0.1,10.0.0.4,allow
2023-10-12 04:40:02.010793,53,10.0.0.2,10.0.0.3,deny
2023-04-09 15:29:58.082249,19,10.0.0.2,192.168.1.4,deny
2023-07-11 18:12:03.985003,25,10.0.0.2,10.0.0.4,allow
2023-11-29 16:37:39.636818,76,10.0.0.2,192.168.1.3,deny
2023-11-14 07:33:48.816164,53,10.0.0.1,10.0.0.3,deny
2023-07-04 11:24:59.115083,51,10.0.0.1,10.0.0.4,allow
2023-01-05 16:38:14.419696,96,192.168.1.2,192.168.1.3,allow
2023-08-14 01:53:02.263682,85,192.168.1.2,192.168.1.4,deny
2023-01-01 21:28:28.523851,33,10.0.0.1,10.0.0.3,deny
2023-03-01 23:20:06.628018,23,10.0.0.1,192.168.1.3,allow
2023-02-12 07:07:16.282765,57,10.0.0.2,192.168.1.3,allow
2023-06-12 20:11:53.929806,32,10.0.0.1,10.0.0.3,deny
2023-09-28 18:18:27.076376,26,10.0.0.1,10.0.0.4,deny
2023-09-12 11:00:08.580517,8,192.168.1.2,10.0.0.4,allow
2023-10-27 07:32:15.347231,63,192.168.1.1,192.168.1.4,deny
2023-01-09 13:35:48.012517,72,10.0.0.1,10.0.0.4,allow
2023-10-09 02:47:51.669702,66,10.0.0.1,192.168.1.3,allow
2023-04-03 12:48:48.723073,19,192.168.1.1,192.168.1.3,allow
2023-10-02 01:20:11.647282,37,10.0.0.2,192.168.1.4,allow
2023-12-02 06:59:35.422630,10,192.168.1.1,10.0.0.3,deny
2023-12-09 11:51:45.789990,7,10.0.0.1,192.168.1.4,allow
2023-04-23 17:13:27.281603,60,192.168.1.2,10.0.0.3,allow
2023-11-27 23:03:25.281337,30,192.168.1.1,192.168.1.3,allow
2023-03-09 14:49:01.969380,93,192.168.1.1,192.168.1.3,deny
2023-02-19 11:14:34.201073,61,192.168.1.1,192.168.1.4,deny
2023-03-08 15:22:43.141612,7,192.168.1.2,10.0.0.4,deny
2023-09-18 11:15:08.234506,71,192.168.1.2,10.0.0.3,deny
2023-07-06 15:08:05.278077,35,10.0.0.2,192.168.1.3,deny
2023-03-07 23:50:29.551879,96,192.168.1.1,192.168.1.4,allow
2023-01-26 19:46:32.844125,34,10.0.0.1,10.0.0.3,deny
2023-09-09 07:09:55.058702,73,192.168.1.1,192.168.1.4,deny
2023-03-05 15:24:19.927038,96,192.168.1.1,192.168.1.4,allow
2023-07-04 08:33:56.279213,67,192.168.1.2,10.0.0.4,allow
2023-04-14 11:09:39.948240,16,10.0.0.2,192.168.1.3,allow
2023-10-01 01:13:50.083127,27,192.168.1.1,192.168.1.3,deny
2023-12-18 17:57:23.762850,73,192.168.1.1,192.168.1.3,allow
2023-05-02 13:32:40.219630,71,192.168.1.1,192.168.1.3,allow
2023-09-07 02:03:25.609989,14,192.168.1.1,10.0.0.3,deny
2023-10-19 22:06:15.274365,58,192.168.1.2,10.0.0.4,deny
2023-03-19 09:04:18.355880,18,192.168.1.2,10.0.0.3,deny
2023-01-30 13:54:04.646766,1,192.168.1.1,10.0.0.3,allow
2023-12-17 07:00:58.147398,85,10.0.0.1,10.0.0.4,deny
2023-08-15 04:27:24.305695,79,192.168.1.2,192.168.1.3,deny
2023-12-12 01:52:01.396572,47,192.168.1.2,10.0.0.3,allow
2023-03-19 15:24:06.044209,84,10.0.0.1,10.0.0.4,deny
2023-06-22 16:32:16.393831,47,192.168.1.1,192.168.1.4,allow
2023-01-18 14:33:48.581114,50,10.0.0.1,192.168.1.4,allow
2023-12-24 22:38:07.313196,18,192.168.1.1,10.0.0.4,allow
2023-09-20 04:51:19.116928,44,192.168.1.1,10.0.0.3,deny
2023-11-10 04:40:35.340407,94,192.168.1.1,192.168.1.4,allow
2023-02-26 20:50:36.330776,62,192.168.1.2,192.168.1.3,allow
2023-05-09 12:30:26.240098,80,192.168.1.1,10.0.0.3,allow
2023-05-13 22:19:59.649080,55,192.168.1.1,10.0.0.4,allow
2023-09-15 07:59:31.547851,5,10.0.0.1,10.0.0.4,deny
2023-06-15 15:19:07.213538,28,10.0.0.1,192.168.1.4,deny
2023-03-25 12:48:23.660800,86,192.168.1.1,10.0.0.3,allow
2023-05-05 00:29:24.493332,43,192.168.1.1,10.0.0.3,deny
2023-11-19 07:15:43.402080,62,10.0.0.1,10.0.0.4,deny
2023-11-13 07:55:55.765004,83,10.0.0.2,10.0.0.4,allow
2023-09-27 12:02:00.370840,57,192.168.1.1,192.168.1.4,allow
2023-01-04 05:12:40.902037,46,192.168.1.1,10.0.0.4,deny
2023-10-08 02:04:06.427420,19,192.168.1.2,192.168.1.4,allow
2023-08-20 09:16:35.952961,94,192.168.1.2,192.168.1.4,deny
2023-03-08 09:03:26.942119,34,10.0.0.2,10.0.0.3,allow
2023-02-23 08:34:03.864995,58,192.168.1.2,10.0.0.3,allow
2023-07-31 08:58:33.681053,2,192.168.1.2,10.0.0.3,deny
2023-03-24 03:35:27.089885,19,192.168.1.2,192.168.1.4,deny
2023-04-16 22:14:12.691071,19,10.0.0.2,10.0.0.3,deny
2023-12-10 10:13:33.178391,2,192.168.1.1,192.168.1.4,deny
2023-07-16 00:24:12.910280,41,10.0.0.1,192.168.1.4,allow
2023-06-06 10:48:15.890858,19,192.168.1.2,10.0.0.3,allow
2023-06-09 05:32:34.151834,41,192.168.1.2,192.168.1.3,allow
2023-07-31 13:42:04.161335,31,192.168.1.2,10.0.0.3,deny
2023-09-21 18:57:44.087780,88,10.0.0.1,192.168.1.4,allow
2023-09-23 23:31:57.208902,97,192.168.1.1,10.0.0.4,deny
2023-11-10 23:07:05.077476,66,192.168.1.1,192.168.1.4,deny
2023-09-17 22:04:27.778835,35,10.0.0.2,10.0.0.4,allow
2023-12-18 16:20:26.734044,93,10.0.0.2,192.168.1.4,deny
2023-11-06 13:49:44.262635,93,192.168.1.1,10.0.0.4,deny
2023-04-06 05:12:36.434906,34,10.0.0.2,192.168.1.4,deny
2023-05-24 00:09:49.761304,69,192.168.1.1,10.0.0.3,deny
2023-08-04 13:00:59.008533,38,192.168.1.1,192.168.1.3,deny
2023-07-13 07:15:40.651324,9,192.168.1.1,10.0.0.3,allow
2023-04-19 01:50:18.304953,55,192.168.1.1,192.168.1.4,allow
2023-09-02 13:01:24.389409,79,192.168.1.1,192.168.1.4,allow
2023-09-02 16:37:47.991142,97,192.168.1.1,192.168.1.3,allow
2023-09-27 09:15:23.167629,55,10.0.0.1,10.0.0.4,deny
2023-04-03 06:47:22.161756,94,10.0.0.1,192.168.1.3,allow
2023-03-18 09:24:43.895375,56,192.168.1.2,10.0.0.4,deny
2023-04-13 03:01:47.015873,83,192.168.1.2,10.0.0.3,deny
2023-11-10 19:09:28.748498,82,10.0.0.1,10.0.0.3,allow
2023-03-21 06:28:36.067668,13,192.168.1.1,10.0.0.4,allow
2023-08-12 02:28:20.810982,1,10.0.0.1,192.168.1.3,allow
2023-05-13 22:32:39.700235,84,192.168.1.1,10.0.0.3,allow
2023-09-18 20:09:23.515922,28,192.168.1.2,192.168.1.4,deny
2023-07-11 14:52:07.877656,59,10.0.0.2,10.0.0.4,allow
2023-03-12 10:32:00.671752,98,10.0.0.2,10.0.0.4,deny
2023-01-29 14:47:08.159659,26,10.0.0.2,10.0.0.3,allow
2023-03-13 21:56:49.945640,90,192.168.1.1,10.0.0.4,allow
2023-08-14 13:27:18.385702,14,10.0.0.2,10.0.0.4,deny
2023-08-05 18:48:26.466826,50,10.0.0.1,10.0.0.3,deny
2023-09-19 22:39:29.458020,75,192.168.1.1,10.0.0.4,allow
2023-01-22 03:15:18.471243,31,10.0.0.1,10.0.0.4,deny
2023-07-21 04:18:00.132317,91,10.0.0.2,192.168.1.4,deny
2023-04-06 01:35:24.203509,49,10.0.0.2,10.0.0.3,deny
2023-05-14 21:20:22.949739,89,10.0.0.1,192.168.1.3,allow
2023-06-19 08:37:29.696723,87,192.168.1.2,192.168.1.4,deny
2023-10-16 18:21:04.101470,86,192.168.1.2,192.168.1.3,allow
2023-04-25 10:07:10.216353,75,10.0.0.2,192.168.1.4,deny
2023-09-06 23:55:49.208652,78,10.0.0.1,192.168.1.3,allow
2023-12-02 13:33:45.067237,20,10.0.0.1,10.0.0.3,allow
2023-05-01 10:30:07.926023,86,192.168.1.1,192.168.1.4,allow
2023-06-16 16:50:38.740411,11,10.0.0.1,192.168.1.4,deny
2023-09-28 17:36:28.192441,96,10.0.0.2,10.0.0.3,deny
2023-06-15 12:05:59.778575,88,10.0.0.2,10.0.0.4,allow
2023-05-04 05:22:40.221848,67,192.168.1.1,10.0.0.4,allow
2023-02-03 18:49:51.924127,22,10.0.0.2,10.0.0.3,deny
2023-07-12 03:12:53.537854,37,192.168.1.2,192.168.1.3,deny
2023-12-02 04:50:28.987100,74,10.0.0.1,192.168.1.3,deny
2023-04-10 12:37:15.377949,81,192.168.1.2,192.168.1.4,allow
2023-08-18 21:35:10.785246,91,10.0.0.2,10.0.0.3,allow
2023-03-10 04:38:39.256368,37,10.0.0.2,192.168.1.4,allow
2023-05-16 16:06:38.888583,32,10.0.0.1,192.168.1.4,allow
2023-02-12 16:36:09.753784,35,192.168.1.1,192.168.1.4,deny
2023-01-22 11:35:18.715661,11,10.0.0.2,192.168.1.4,deny
2023-09-26 10:27:29.151323,32,10.0.0.2,10.0.0.3,allow
2023-03-28 07:43:43.038175,89,10.0.0.1,192.168.1.3,deny
2023-02-14 00:32:07.060909,38,10.0.0.2,10.0.0.3,allow
2023-01-07 05:03:12.895894,18,192.168.1.1,192.168.1.3,allow
2023-06-29 09:00:27.583951,50,192.168.1.1,192.168.1.3,deny
2023-02-19 15:36:55.458128,75,10.0.0.1,192.168.1.4,deny
2023-01-29 22:35:37.361529,88,10.0.0.2,192.168.1.4,allow
2023-01-16 16:36:34.498117,69,192.168.1.2,192.168.1.4,allow
2023-05-09 11:12:19.162242,71,10.0.0.2,10.0.0.4,deny
2023-10-06 23:31:10.363487,81,10.0.0.2,192.168.1.4,allow
2023-06-05 21:57:38.014877,39,10.0.0.2,10.0.0.4,allow
2023-03-13 04:54:42.767193,69,10.0.0.1,10.0.0.3,deny
2023-11-02 22:29:29.917026,77,192.168.1.1,10.0.0.4,allow
2023-04-21 20:50:45.693821,30,192.168.1.2,192.168.1.3,allow
2023-01-06 20:25:51.870130,8,10.0.0.2,192.168.1.3,allow
2023-01-03 17:28:33.982296,80,192.168.1.2,192.168.1.3,allow
2023-01-09 19:08:49.467659,36,192.168.1.2,192.168.1.4,deny
2023-06-17 11:42:34.283113,71,192.168.1.2,10.0.0.4,deny
2023-08-14 11:36:41.496687,87,192.168.1.2,192.168.1.3,allow
2023-09-05 08:54:04.428100,97,192.168.1.1,192.168.1.4,deny
2023-10-28 17:32:05.817916,8,192.168.1.1,192.168.1.3,allow
2023-03-24 05:07:56.591413,85,192.168.1.1,10.0.0.3,allow
2023-09-30 05:14:51.557587,20,192.168.1.2,192.168.1.3,allow
2023-09-05 04:48:24.104862,12,10.0.0.1,10.0.0.3,allow
2023-10-23 02:33:37.448922,89,192.168.1.2,10.0.0.4,allow
2023-03-17 10:54:19.168915,19,192.168.1.2,10.0.0.3,allow
2023-04-26 09:54:10.518761,44,10.0.0.2,10.0.0.4,allow
2023-09-17 15:34:35.764308,77,192.168.1.2,10.0.0.3,allow
2023-04-08 06:29:53.979076,95,10.0.0.1,10.0.0.4,deny
2023-04-06 16:08:55.817683,95,192.168.1.2,10.0.0.3,deny
2023-03-12 05:00:15.147003,27,10.0.0.1,10.0.0.4,deny
2023-09-18 09:39:05.493458,14,10.0.0.1,10.0.0.4,deny
2023-06-21 07:36:53.465853,53,192.168.1.1,10.0.0.3,deny
2023-05-29 01:53:38.868471,42,10.0.0.1,192.168.1.4,deny
2023-02-12 03:31:35.409204,69,10.0.0.2,192.168.1.4,deny
2023-10-12 01:12:40.948855,11,192.168.1.2,192.168.1.4,deny
2023-04-13 05:44:44.316742,1,10.0.0.1,192.168.1.3,deny
2023-06-17 17:29:08.352481,34,192.168.1.1,192.168.1.3,deny
2023-08-03 03:17:06.371187,92,192.168.1.2,10.0.0.3,allow
2023-04-09 04:12:38.166626,21,10.0.0.2,10.0.0.3,deny
2023-09-14 18:07:52.890927,74,192.168.1.2,10.0.0.4,allow
2023-02-04 19:48:13.992801,62,192.168.1.1,192.168.1.4,allow
2023-08-12 03:19:46.638010,27,192.168.1.1,192.168.1.3,allow
2023-02-23 19:43:08.933268,6,10.0.0.2,10.0.0.4,allow
2023-12-02 12:49:55.903723,25,192.168.1.1,10.0.0.3,deny
2023-10-13 10:01:25.849360,59,10.0.0.1,10.0.0.4,allow
2023-11-07 10:52:52.672828,54,192.168.1.2,192.168.1.3,deny
2023-09-16 04:08:17.036677,9,192.168.1.1,192.168.1.3,deny
2023-05-22 12:59:24.532971,2,192.168.1.2,10.0.0.4,deny
2023-05-02 19:08:16.209085,21,192.168.1.1,10.0.0.3,allow
2023-12-26 02:33:32.668333,20,192.168.1.2,10.0.0.3,allow
2023-08-08 07:01:22.605493,43,10.0.0.1,10.0.0.3,allow
2023-09-29 16:42:04.749526,79,10.0.0.2,192.168.1.4,deny
2023-02-06 21:02:50.081506,71,10.0.0.2,10.0.0.4,deny
2023-07-08 07:47:39.856391,42,10.0.0.1,192.168.1.3,deny
2023-11-20 16:26:05.756755,45,10.0.0.2,10.0.0.3,deny
2023-09-20 04:10:38.151328,96,192.168.1.2,10.0.0.3,deny
2023-03-18 07:46:44.455161,69,10.0.0.2,192.168.1.3,allow
2023-03-28 22:29:45.609541,91,192.168.1.1,192.168.1.4,deny
2023-05-07 18:33:18.210989,69,192.168.1.1,192.168.1.3,allow
2023-04-15 21:31:54.754535,58,192.168.1.1,192.168.1.3,allow
2023-04-29 22:43:04.958432,32,192.168.1.1,192.168.1.4,deny
2023-06-07 07:51:37.586405,10,192.168.1.2,10.0.0.4,allow
2023-02-10 18:54:02.383202,15,10.0.0.1,10.0.0.4,allow
2023-01-15 05:38:45.975535,91,192.168.1.1,192.168.1.4,deny
2023-08-22 21:43:03.797207,25,192.168.1.2,192.168.1.4,deny
2023-06-12 02:05:02.933266,47,192.168.1.1,10.0.0.4,allow
2023-05-11 03:18:23.430410,42,192.168.1.2,10.0.0.3,allow
2023-04-09 15:23:29.934218,37,192.168.1.1,10.0.0.3,allow
2023-05-29 19:39:20.017306,53,10.0.0.2,192.168.1.4,allow
2023-07-22 19:19:24.716877,75,192.168.1.1,192.168.1.4,deny
2023-02-03 21:57:07.465624,23,10.0.0.1,192.168.1.4,allow
2023-04-08 20:39:13.394803,23,192.168.1.2,10.0.0.3,deny
2023-02-15 10:32:27.921803,78,10.0.0.1,10.0.0.3,allow
2023-12-26 15:32:50.953277,30,10.0.0.2,10.0.0.3,allow
2023-12-04 21:06:42.667129,20,10.0.0.1,10.0.0.4,deny
2023-11-29 19:01:49.139325,75,192.168.1.1,10.0.0.3,deny
2023-07-02 23:46:19.128412,62,10.0.0.2,10.0.0.3,allow
2023-11-11 19:54:50.134407,15,10.0.0.2,192.168.1.3,deny
2023-07-04 17:37:57.768609,54,10.0.0.2,10.0.0.3,deny
2023-09-01 05:40:06.235606,44,192.168.1.2,192.168.1.3,allow
2023-07-16 15:33:45.202498,92,192.168.1.1,10.0.0.4,deny
2023-07-18 15:11:42.054079,69,10.0.0.2,10.0.0.4,allow
2023-01-12 18:57:33.692746,26,10.0.0.2,10.0.0.3,allow
2023-03-10 20:12:03.662585,45,10.0.0.1,10.0.0.3,allow
2023-05-02 07:30:57.325990,31,10.0.0.1,192.168.1.3,deny
2023-02-10 03:48:14.580434,22,10.0.0.2,10.0.0.4,deny
2023-12-12 04:12:43.125895,11,192.168.1.1,192.168.1.4,deny
2023-06-28 16:21:05.309521,19,192.168.1.1,10.0.0.4,deny
2023-01-11 20:07:04.777252,98,192.168.1.1,192.168.1.4,deny
2023-02-16 09:12:59.680919,37,10.0.0.1,192.168.1.3,deny
2023-07-29 01:04:10.284247,71,10.0.0.2,10.0.0.3,deny
2023-02-12 03:49:48.226647,70,192.168.1.2,10.0.0.3,allow
2023-04-14 10:26:47.697846,99,192.168.1.1,10.0.0.4,allow
2023-06-18 15:27:50.474998,56,10.0.0.2,10.0.0.4,deny
2023-07-05 10:34:51.653624,42,192.168.1.2,192.168.1.3,allow
2023-03-11 17:36:37.162933,90,192.168.1.1,192.168.1.3,deny
2023-12-29 02:40:57.472072,80,10.0.0.1,192.168.1.4,deny
2023-04-07 06:54:05.840018,26,192.168.1.2,10.0.0.3,allow
2023-05-21 07:16:57.345860,43,10.0.0.2,10.0.0.3,allow
2023-05-08 18:03:55.525022,88,192.168.1.1,10.0.0.4,allow
2023-07-15 09:14:40.787159,93,10.0.0.2,10.0.0.4,allow
2023-07-20 17:30:53.728451,11,10.0.0.1,192.168.1.3,allow
2023-08-06 05:42:33.252712,45,192.168.1.2,10.0.0.3,allow
2023-01-08 13:01:49.937968,4,192.168.1.1,10.0.0.3,deny
2023-03-31 05:52:47.930291,32,192.168.1.2,10.0.0.4,allow
2023-02-01 06:17:21.593196,76,192.168.1.1,192.168.1.4,allow
2023-03-26 03:56:09.476694,4,10.0.0.1,10.0.0.4,allow
2023-05-12 19:17:48.406718,52,10.0.0.2,10.0.0.3,allow
2023-04-14 15:27:52.469707,2,10.0.0.2,10.0.0.3,deny
2023-12-13 03:02:21.742915,3,10.0.0.2,10.0.0.3,deny
2023-05-30 03:28:05.636551,35,10.0.0.1,192.168.1.4,allow
2023-02-28 17:11:27.565525,6,10.0.0.2,192.168.1.4,deny
2023-10-29 01:31:18.237551,91,192.168.1.1,192.168.1.3,allow
2023-07-29 09:38:34.978277,18,192.168.1.1,192.168.1.3,allow
2023-03-11 19:04:20.985409,21,192.168.1.1,10.0.0.4,allow
2023-05-25 23:49:31.877784,15,10.0.0.1,10.0.0.3,deny
2023-08-13 20:18:23.974551,20,10.0.0.1,192.168.1.3,deny
2023-04-14 11:40:13.890035,37,192.168.1.2,192.168.1.3,allow
2023-08-16 12:58:11.097986,35,10.0.0.2,192.168.1.3,deny
2023-08-05 16:37:32.120607,1,192.168.1.1,192.168.1.4,deny
2023-06-09 21:25:16.345685,91,10.0.0.1,10.0.0.4,deny
2023-02-18 05:34:35.672491,51,10.0.0.1,192.168.1.4,deny
2023-03-09 01:41:24.333738,58,10.0.0.2,10.0.0.3,deny
2023-06-26 02:03:29.800305,74,192.168.1.2,10.0.0.4,allow
2023-03-26 13:12:04.211985,94,10.0.0.2,192.168.1.4,deny
2023-07-03 04:44:28.374025,66,192.168.1.2,10.0.0.3,allow
2023-11-09 09:12:24.505938,49,10.0.0.2,192.168.1.3,allow
2023-10-17 04:52:24.442179,55,10.0.0.2,10.0.0.3,deny
2023-04-14 04:56:17.873711,79,192.168.1.2,10.0.0.3,allow
2023-03-20 01:06:59.256066,48,192.168.1.2,10.0.0.3,deny
2023-12-15 06:54:48.544395,17,10.0.0.2,10.0.0.4,deny
2023-08-26 12:20:21.654111,55,192.168.1.1,10.0.0.3,deny
2023-07-24 13:27:48.664867,59,10.0.0.2,10.0.0.4,deny
2023-12-27 21:02:45.140084,73,10.0.0.1,192.168.1.4,deny
2023-12-10 08:58:04.790599,29,192.168.1.2,10.0.0.3,deny
2023-03-23 08:06:42.120881,63,192.168.1.1,10.0.0.3,allow
2023-08-22 17:05:59.028945,28,10.0.0.2,192.168.1.4,allow
2023-08-06 15:29:31.251093,52,192.168.1.2,192.168.1.3,allow
2023-10-31 19:12:45.016050,84,192.168.1.2,192.168.1.3,allow
2023-06-26 05:48:46.243218,39,192.168.1.1,10.0.0.3,deny
2023-12-12 14:21:16.579260,84,10.0.0.2,192.168.1.3,deny
2023-02-12 14:06:57.207528,53,192.168.1.2,10.0.0.4,deny
2023-11-09 00:15:58.628820,82,192.168.1.1,10.0.0.3,deny
2023-10-14 08:47:31.734720,71,192.168.1.1,10.0.0.4,deny
2023-09-10 18:49:01.211802,7,192.168.1.2,10.0.0.4,deny
2023-01-07 15:51:14.158161,69,192.168.1.1,192.168.1.4,allow
2023-07-06 13:55:12.222573,46,192.168.1.2,10.0.0.3,allow
2023-07-23 05:18:19.693240,74,192.168.1.1,10.0.0.4,allow
2023-07-07 20:10:20.009845,37,192.168.1.1,10.0.0.3,allow
2023-12-03 13:20:30.918339,55,10.0.0.2,192.168.1.3,allow
2023-10-28 06:29:31.159371,76,10.0.0.1,192.168.1.4,deny
2023-01-18 14:29:20.723756,60,10.0.0.1,10.0.0.3,allow
2023-03-08 00:52:27.790541,43,10.0.0.2,10.0.0.3,deny
2023-11-13 03:43:55.056398,37,10.0.0.1,192.168.1.3,allow
2023-03-14 13:00:42.818560,7,192.168.1.1,192.168.1.3,deny
2023-09-20 04:54:31.808465,75,10.0.0.2,10.0.0.3,allow
2023-10-26 06:42:53.918256,46,192.168.1.1,192.168.1.3,deny
2023-01-07 15:17:34.434548,91,10.0.0.2,192.168.1.3,deny
2023-05-06 00:58:29.806505,62,10.0.0.2,10.0.0.4,deny
2023-06-16 17:02:11.682132,3,10.0.0.2,10.0.0.3,deny
2023-09-30 17:39:12.042406,55,192.168.1.2,192.168.1.4,allow
2023-01-07 04:04:27.382705,81,10.0.0.1,192.168.1.3,allow
2023-07-25 09:12:17.467426,21,10.0.0.2,192.168.1.4,allow
2023-12-01 19:02:24.993350,42,192.168.1.1,10.0.0.4,allow
2023-08-09 22:27:11.422823,46,10.0.0.2,10.0.0.4,deny
2023-01-13 03:24:34.781544,14,10.0.0.1,10.0.0.3,deny
2023-07-14 12:41:05.689026,65,192.168.1.2,192.168.1.3,allow
2023-12-22 04:38:15.113057,56,192.168.1.1,192.168.1.3,deny
2023-08-26 17:50:35.420227,45,10.0.0.2,192.168.1.3,allow
2023-04-05 14:20:03.261235,95,192.168.1.2,192.168.1.4,allow
2023-03-02 18:48:21.014690,19,10.0.0.2,192.168.1.4,deny
2023-05-14 06:19:31.762762,88,10.0.0.1,10.0.0.3,deny
2023-01-13 02:11:22.057253,70,192.168.1.2,10.0.0.3,allow
2023-09-27 20:29:58.776140,57,10.0.0.2,10.0.0.4,deny
2023-09-22 05:29:47.440424,4,10.0.0.2,10.0.0.4,deny
2023-11-12 22:00:29.818546,85,10.0.0.2,192.168.1.3,allow
2023-12-05 21:31:33.363666,78,10.0.0.2,10.0.0.3,deny
2023-07-01 17:23:54.380598,32,10.0.0.1,10.0.0.4,allow
2023-06-01 19:58:03.967704,91,10.0.0.2,10.0.0.3,allow
2023-10-08 10:35:49.404242,89,10.0.0.2,10.0.0.3,deny
2023-08-27 13:34:06.133434,26,10.0.0.1,10.0.0.4,allow
2023-03-07 23:49:43.616949,23,10.0.0.2,10.0.0.3,deny
2023-08-13 09:29:16.021826,55,192.168.1.1,10.0.0.4,allow
2023-01-08 08:03:07.441738,11,10.0.0.2,10.0.0.3,allow
2023-06-08 19:57:22.580528,22,10.0.0.1,192.168.1.3,allow
2023-07-16 05:52:10.446118,97,192.168.1.1,192.168.1.4,deny
2023-09-01 16:34:41.120597,93,10.0.0.2,10.0.0.4,deny
2023-01-13 08:23:19.900042,26,192.168.1.1,10.0.0.3,deny
2023-09-05 19:08:23.496143,55,10.0.0.1,10.0.0.4,allow
2023-06-18 19:47:27.959101,26,10.0.0.1,10.0.0.4,deny
2023-11-22 12:37:57.238511,98,10.0.0.1,192.168.1.4,deny
2023-03-27 22:21:00.069090,65,10.0.0.2,192.168.1.3,deny
2023-03-09 13:11:38.379903,60,192.168.1.1,192.168.1.4,allow
2023-01-07 18:45:34.897915,69,192.168.1.2,10.0.0.3,deny
2023-01-21 02:17:54.486129,24,10.0.0.1,10.0.0.3,allow
2023-03-05 14:18:01.675535,1,10.0.0.2,192.168.1.3,allow
2023-09-17 19:48:00.783793,65,192.168.1.2,192.168.1.3,allow
2023-06-04 05:55:10.645137,61,10.0.0.1,10.0.0.3,deny
2023-11-01 23:45:33.739604,35,192.168.1.2,192.168.1.3,deny
2023-05-01 19:57:19.930678,69,10.0.0.2,10.0.0.3,deny
2023-04-24 10:18:33.268381,1,192.168.1.1,192.168.1.3,allow
2023-04-09 16:00:35.153029,86,10.0.0.2,10.0.0.4,deny
2023-07-28 08:04:46.881051,28,192.168.1.2,192.168.1.4,allow
2023-08-05 09:58:13.734081,22,192.168.1.1,192.168.1.4,deny
2023-02-26 15:03:44.209166,86,10.0.0.2,192.168.1.3,allow
2023-05-24 17:54:41.432406,69,192.168.1.1,192.168.1.4,deny
2023-06-20 10:55:54.303693,39,10.0.0.2,10.0.0.3,allow
2023-10-10 07:15:35.121424,8,10.0.0.1,192.168.1.4,allow
2023-08-16 02:35:07.959719,96,10.0.0.1,192.168.1.3,allow
2023-10-14 09:12:27.444453,95,192.168.1.1,10.0.0.4,deny
2023-05-08 12:24:29.222292,4,10.0.0.2,192.168.1.4,allow
2023-05-16 04:50:40.914090,75,192.168.1.2,192.168.1.4,allow
2023-09-08 23:02:16.769985,22,192.168.1.2,10.0.0.3,allow
2023-07-23 03:51:47.114625,68,10.0.0.1,10.0.0.3,deny
2023-01-09 17:20:38.510473,86,192.168.1.2,192.168.1.3,allow
2023-01-26 19:40:54.399858,71,10.0.0.1,10.0.0.4,allow
2023-08-26 19:15:50.910935,45,10.0.0.1,192.168.1.3,deny
2023-03-11 17:25:09.825273,34,192.168.1.2,10.0.0.4,allow
2023-12-05 06:12:48.935407,90,10.0.0.2,192.168.1.4,allow
2023-03-16 07:53:30.693987,79,192.168.1.1,192.168.1.3,deny
2023-10-25 09:43:47.496701,21,192.168.1.1,10.0.0.4,deny
2023-06-30 04:08:04.207843,53,10.0.0.2,192.168.1.3,allow
2023-12-21 21:43:34.705914,31,10.0.0.2,10.0.0.4,allow
2023-01-07 14:23:53.851231,19,192.168.1.2,192.168.1.4,allow
2023-12-30 10:16:16.609924,47,192.168.1.1,192.168.1.3,allow
2023-05-31 02:23:44.230179,24,192.168.1.2,192.168.1.3,allow
2023-02-24 02:44:48.604199,82,10.0.0.2,10.0.0.4,deny
2023-01-28 12:50:07.827519,84,192.168.1.1,192.168.1.3,allow
2023-06-21 04:04:19.841788,7,10.0.0.2,192.168.1.3,allow
2023-03-24 22:22:50.031404,87,192.168.1.1,10.0.0.3,allow
2023-11-20 05:03:56.970247,77,10.0.0.2,10.0.0.4,deny
2023-09-29 04:49:10.672252,8,10.0.0.1,10.0.0.3,allow
2023-02-05 05:29:37.785974,16,192.168.1.1,192.168.1.3,allow
2023-01-16 15:31:36.248598,13,10.0.0.2,192.168.1.4,deny
2023-05-22 10:06:02.118921,73,192.168.1.1,10.0.0.3,allow
2023-07-21 07:34:32.012158,40,192.168.1.2,10.0.0.3,allow
2023-03-30 09:42:08.897346,18,10.0.0.1,10.0.0.3,deny
2023-01-05 17:11:13.709505,69,192.168.1.2,192.168.1.4,allow
2023-04-28 13:02:05.311301,97,192.168.1.1,10.0.0.4,deny
2023-09-08 14:52:17.029349,78,10.0.0.2,10.0.0.4,allow
2023-06-18 20:07:49.724468,91,10.0.0.1,10.0.0.4,allow
2023-07-03 14:55:40.894574,14,10.0.0.2,192.168.1.4,deny
2023-02-05 11:48:51.558663,31,192.168.1.2,10.0.0.4,allow
2023-02-12 06:26:45.384752,76,10.0.0.1,192.168.1.4,deny
2023-09-15 16:17:22.624119,88,192.168.1.1,192.168.1.4,allow
2023-09-20 10:30:23.695175,11,192.168.1.1,10.0.0.3,deny
2023-03-28 14:26:32.543267,84,10.0.0.2,192.168.1.3,deny
2023-11-20 18:14:05.764060,7,10.0.0.1,10.0.0.3,deny
2023-02-01 03:39:29.049183,71,10.0.0.2,10.0.0.3,deny
2023-04-07 07:05:45.282739,63,10.0.0.1,10.0.0.3,deny
2023-04-07 17:21:58.615475,31,192.168.1.1,10.0.0.3,allow
2023-05-17 10:25:40.866202,37,10.0.0.2,192.168.1.4,deny
2023-04-04 03:02:21.532870,90,10.0.0.1,10.0.0.3,deny
2023-04-11 01:33:38.636761,40,192.168.1.2,192.168.1.4,deny
2023-03-24 17:11:02.148792,84,192.168.1.2,192.168.1.3,deny
2023-10-09 05:11:30.932825,21,192.168.1.2,10.0.0.3,deny
2023-01-28 04:06:43.018685,48,192.168.1.1,10.0.0.3,deny
2023-07-11 14:26:48.575407,48,10.0.0.1,192.168.1.3,deny
2023-11-19 21:31:26.953144,7,10.0.0.1,192.168.1.4,allow
2023-01-14 09:42:33.574528,49,10.0.0.1,192.168.1.3,allow
2023-04-15 09:45:14.119928,62,10.0.0.1,10.0.0.4,deny
2023-10-03 09:12:03.060722,91,192.168.1.2,10.0.0.3,allow
2023-10-06 14:08:34.938889,89,10.0.0.1,192.168.1.3,deny
2023-12-03 21:56:01.181502,76,192.168.1.2,10.0.0.3,deny
2023-02-15 10:34:29.402927,58,10.0.0.1,192.168.1.3,allow
2023-12-19 14:59:46.937626,21,192.168.1.1,10.0.0.3,allow
2023-09-10 22:52:11.004304,79,192.168.1.2,192.168.1.3,deny
2023-06-09 11:08:30.129878,73,10.0.0.1,10.0.0.4,deny
2023-06-03 08:00:49.418402,17,10.0.0.1,10.0.0.3,allow
2023-01-24 02:03:51.031694,94,192.168.1.1,192.168.1.3,allow
2023-11-13 02:31:25.912671,47,10.0.0.1,192.168.1.3,deny
2023-07-25 22:13:08.206238,94,10.0.0.1,192.168.1.4,allow
2023-05-26 14:46:21.578243,68,10.0.0.1,10.0.0.4,allow
2023-07-04 07:03:28.363441,20,10.0.0.2,10.0.0.3,allow
2023-02-16 15:21:15.255728,33,10.0.0.1,192.168.1.3,allow
2023-09-04 18:46:13.937260,31,10.0.0.1,192.168.1.3,allow
2023-02-08 08:14:20.095632,77,10.0.0.2,10.0.0.4,allow
2023-03-16 07:02:04.052164,34,10.0.0.1,10.0.0.4,allow
2023-03-11 07:06:10.835038,73,192.168.1.1,10.0.0.4,allow
2023-05-10 09:19:46.694068,8,192.168.1.2,10.0.0.4,allow
2023-12-02 19:01:41.722426,7,192.168.1.1,192.168.1.3,allow
2023-07-28 23:53:45.165878,69,192.168.1.2,10.0.0.4,deny
2023-01-22 16:20:10.570031,95,192.168.1.1,10.0.0.3,deny
2023-02-24 02:59:20.192110,97,10.0.0.2,10.0.0.4,deny
2023-05-05 15:37:47.197206,36,192.168.1.1,10.0.0.4,deny
2023-06-23 04:16:59.078082,29,10.0.0.2,192.168.1.4,deny
2023-04-21 18:03:43.179399,86,192.168.1.1,192.168.1.4,deny
2023-01-26 02:20:15.514413,57,192.168.1.2,192.168.1.4,allow
2023-03-30 16:46:49.291018,9,192.168.1.1,192.168.1.4,deny
2023-07-02 08:59:55.110073,60,10.0.0.1,192.168.1.3,allow
2023-06-29 03:19:20.093707,77,10.0.0.2,192.168.1.4,deny
2023-09-11 15:58:10.750348,63,10.0.0.1,192.168.1.3,allow
2023-03-12 12:08:49.644212,20,192.168.1.2,10.0.0.4,allow
2023-07-12 03:03:45.687903,75,10.0.0.1,10.0.0.3,deny
2023-06-27 11:32:13.416533,31,10.0.0.2,192.168.1.4,deny
2023-06-05 17:09:16.790487,7,192.168.1.1,192.168.1.3,allow
2023-02-18 12:21:00.051190,82,10.0.0.2,192.168.1.3,deny
2023-08-27 00:53:39.499368,6,10.0.0.2,192.168.1.4,deny
2023-12-06 23:22:12.669825,29,192.168.1.2,10.0.0.3,deny
2023-08-17 09:07:31.622729,61,192.168.1.2,10.0.0.4,deny
2023-05-27 02:59:41.853660,33,10.0.0.1,192.168.1.4,allow
2023-11-11 16:26:39.479858,22,192.168.1.2,10.0.0.3,deny
2023-07-20 00:20:58.466379,38,192.168.1.2,192.168.1.4,allow
2023-02-24 07:53:45.593418,97,192.168.1.1,192.168.1.3,allow
2023-04-28 07:44:42.603040,54,192.168.1.1,192.168.1.3,allow
2023-10-24 21:56:44.199004,84,10.0.0.2,10.0.0.3,deny
2023-12-04 05:21:10.878235,5,10.0.0.1,192.168.1.3,allow
2023-06-03 07:19:25.306559,76,10.0.0.2,10.0.0.3,deny
2023-10-31 02:14:51.828009,30,192.168.1.2,192.168.1.4,deny
2023-08-01 07:10:21.061228,51,192.168.1.2,10.0.0.3,allow
2023-04-19 22:44:39.099563,36,192.168.1.2,10.0.0.3,deny
2023-05-24 07:05:21.515609,34,10.0.0.2,192.168.1.4,deny
2023-12-01 20:33:17.592606,59,192.168.1.1,192.168.1.3,deny
2023-09-19 14:04:35.871446,6,192.168.1.1,10.0.0.3,deny
2023-06-11 09:36:03.548165,90,192.168.1.2,192.168.1.4,deny
2023-05-04 15:10:55.358047,21,192.168.1.2,10.0.0.3,deny
2023-12-02 18:41:08.714504,63,192.168.1.1,192.168.1.3,allow
2023-03-02 08:35:04.903921,95,192.168.1.1,192.168.1.4,deny
2023-09-04 02:41:52.492087,35,10.0.0.2,10.0.0.3,deny
2023-07-09 08:23:50.316805,11,192.168.1.1,192.168.1.3,deny
2023-09-06 08:39:45.530645,8,10.0.0.2,192.168.1.4,allow
2023-07-20 05:23:53.180640,50,10.0.0.2,192.168.1.4,allow
2023-10-26 18:24:13.290668,78,192.168.1.2,10.0.0.3,allow
2023-08-09 23:20:20.816874,82,10.0.0.2,10.0.0.3,allow
2023-02-23 23:39:32.793924,99,192.168.1.1,192.168.1.3,deny
2023-10-22 06:03:55.965226,56,10.0.0.2,192.168.1.4,allow
2023-03-03 05:52:08.600747,64,10.0.0.2,192.168.1.3,deny
2023-09-07 21:41:32.168745,24,10.0.0.1,10.0.0.3,allow
2023-07-08 17:42:10.963987,27,10.0.0.2,10.0.0.3,allow
2023-08-01 22:33:45.938384,46,192.168.1.2,10.0.0.3,allow
2023-05-29 12:56:22.226895,33,192.168.1.2,192.168.1.3,deny
2023-06-27 02:26:59.217993,77,10.0.0.2,192.168.1.4,allow
2023-08-10 13:15:56.933617,3,10.0.0.1,192.168.1.4,deny
2023-10-25 14:25:03.022674,87,10.0.0.1,192.168.1.3,deny
2023-01-16 06:00:57.402450,72,10.0.0.1,192.168.1.3,deny
2023-08-11 22:25:16.031556,55,192.168.1.2,192.168.1.4,deny
2023-08-08 08:21:37.695026,58,192.168.1.1,10.0.0.3,allow
2023-10-29 04:23:29.226800,82,10.0.0.1,192.168.1.4,allow
2023-09-20 05:22:50.013667,61,10.0.0.2,192.168.1.3,allow
2023-07-25 08:03:47.445440,90,192.168.1.1,10.0.0.3,allow
2023-07-09 19:07:39.947475,50,10.0.0.1,10.0.0.3,allow
2023-08-30 21:47:50.811197,39,192.168.1.2,10.0.0.4,allow
2023-01-19 10:15:13.668333,12,10.0.0.2,10.0.0.3,allow
2023-04-11 17:45:40.883141,13,10.0.0.2,10.0.0.3,deny
2023-02-23 23:31:42.540283,94,10.0.0.1,10.0.0.3,allow
2023-03-11 18:41:10.494051,39,10.0.0.2,192.168.1.3,deny
2023-01-27 02:43:41.234209,14,192.168.1.1,10.0.0.4,allow
2023-12-02 16:09:58.860598,79,10.0.0.1,10.0.0.3,allow
2023-07-27 14:13:06.616909,88,10.0.0.1,192.168.1.4,allow
2023-12-08 15:15:16.520707,11,10.0.0.1,10.0.0.4,deny
2023-04-13 04:41:10.166625,12,10.0.0.1,192.168.1.4,deny
2023-02-16 18:30:10.062557,82,10.0.0.2,192.168.1.3,allow
2023-03-04 10:40:27.404086,20,192.168.1.2,192.168.1.4,deny
2023-09-29 20:39:47.767810,96,192.168.1.2,10.0.0.3,allow
2023-12-19 17:37:04.873832,43,192.168.1.1,192.168.1.4,allow
2023-10-23 16:42:26.734468,66,192.168.1.1,10.0.0.3,deny
2023-08-11 15:46:23.627287,38,10.0.0.2,192.168.1.4,allow
2023-11-07 07:54:44.573157,7,192.168.1.2,192.168.1.4,deny
2023-05-27 01:02:35.620414,18,192.168.1.2,192.168.1.3,allow
2023-07-20 17:28:53.147260,41,192.168.1.2,10.0.0.4,deny
2023-11-05 11:17:49.216285,85,192.168.1.1,192.168.1.4,allow
2023-01-03 12:44:02.880234,8,10.0.0.1,192.168.1.3,allow
2023-06-23 13:26:00.692356,47,192.168.1.1,192.168.1.3,deny
2023-09-11 15:18:25.840859,12,192.168.1.1,192.168.1.3,allow
2023-02-12 16:53:40.333918,34,10.0.0.1,10.0.0.4,allow
2023-01-23 20:03:35.999918,20,192.168.1.2,10.0.0.4,deny
2023-03-04 00:41:23.911468,59,10.0.0.1,10.0.0.4,allow
2023-02-25 11:49:39.630977,55,192.168.1.1,192.168.1.3,deny
2023-11-04 03:55:19.966571,42,10.0.0.1,192.168.1.4,deny
2023-05-09 22:19:49.309516,50,192.168.1.2,10.0.0.3,deny
2023-03-11 12:05:23.599934,20,10.0.0.1,10.0.0.3,allow
2023-05-13 14:43:35.837292,19,192.168.1.1,10.0.0.4,allow
2023-08-07 04:21:27.958926,45,10.0.0.1,192.168.1.3,deny
2023-01-29 13:13:09.945581,44,10.0.0.1,10.0.0.4,deny
2023-11-16 09:00:14.850437,51,10.0.0.2,10.0.0.4,deny
2023-03-03 05:45:49.687597,50,10.0.0.1,10.0.0.3,deny
2023-09-16 03:53:26.842160,75,192.168.1.1,10.0.0.3,deny
2023-06-10 01:34:25.731049,21,192.168.1.2,10.0.0.4,allow
2023-09-28 10:08:14.597798,99,192.168.1.2,192.168.1.3,allow
2023-08-06 13:37:46.248209,38,192.168.1.2,10.0.0.4,allow
2023-09-02 01:23:38.814623,1,10.0.0.2,10.0.0.4,allow
2023-04-26 10:06:11.143142,29,192.168.1.1,192.168.1.4,allow
2023-02-04 09:31:29.590640,70,10.0.0.2,192.168.1.3,allow
2023-04-03 17:40:58.331425,52,10.0.0.2,10.0.0.3,deny
2023-08-07 18:11:05.552777,1,192.168.1.1,10.0.0.4,allow
2023-04-10 06:09:15.787890,47,192.168.1.2,10.0.0.3,allow
2023-03-30 17:58:29.882459,42,10.0.0.2,10.0.0.4,allow
2023-09-16 21:23:37.947979,54,10.0.0.1,10.0.0.3,deny
2023-08-21 06:40:07.925842,72,10.0.0.2,192.168.1.4,deny
2023-04-23 08:55:50.734588,66,192.168.1.1,10.0.0.3,deny
2023-10-18 00:43:56.287894,68,10.0.0.2,192.168.1.4,allow
2023-06-03 06:49:23.459778,71,192.168.1.1,192.168.1.3,allow
2023-09-06 13:42:36.818104,82,192.168.1.2,192.168.1.4,deny
2023-03-01 17:34:24.874300,95,10.0.0.2,192.168.1.4,allow
2023-03-09 07:41:29.213621,86,192.168.1.1,192.168.1.3,allow
2023-01-02 01:27:33.783722,42,192.168.1.2,192.168.1.3,deny
2023-12-14 08:36:07.564541,44,192.168.1.2,10.0.0.4,deny
2023-07-12 17:14:20.433968,24,10.0.0.1,192.168.1.3,deny
2023-12-04 00:51:18.863060,38,10.0.0.1,192.168.1.3,deny
2023-01-29 04:42:04.972848,8,192.168.1.1,10.0.0.3,allow
2023-04-08 11:38:40.404958,13,192.168.1.1,10.0.0.4,allow
2023-08-22 13:42:45.650299,79,192.168.1.2,10.0.0.4,allow
2023-09-01 13:43:14.190204,27,192.168.1.2,10.0.0.4,deny
2023-05-13 03:26:16.787485,88,10.0.0.1,10.0.0.3,deny
2023-10-10 20:36:32.803061,99,10.0.0.2,192.168.1.4,allow
2023-12-21 18:00:10.934670,9,10.0.0.2,10.0.0.3,deny
2023-04-23 01:10:15.957828,20,10.0.0.1,192.168.1.3,deny
2023-03-11 21:24:40.426609,81,192.168.1.2,10.0.0.3,deny
2023-08-27 11:39:48.135730,57,10.0.0.1,10.0.0.3,allow
2023-07-08 16:50:15.927766,28,192.168.1.2,192.168.1.4,allow
2023-05-25 15:35:11.326617,7,192.168.1.1,192.168.1.3,allow
2023-11-03 04:36:12.404978,91,10.0.0.1,192.168.1.4,deny
2023-06-15 09:56:00.996467,92,192.168.1.1,192.168.1.3,allow
2023-08-17 18:48:23.057903,10,10.0.0.2,10.0.0.3,deny
2023-10-25 15:14:46.317772,6,10.0.0.1,192.168.1.4,allow
2023-11-15 18:18:29.773526,68,192.168.1.2,192.168.1.3,deny
2023-02-05 08:17:05.659339,18,10.0.0.1,192.168.1.4,deny
2023-06-19 11:59:35.847223,40,10.0.0.2,192.168.1.3,deny
2023-07-05 21:02:16.301097,23,192.168.1.1,192.168.1.3,allow
2023-09-28 22:14:04.744139,13,10.0.0.1,10.0.0.3,allow
2023-07-05 16:45:29.752846,26,192.168.1.1,10.0.0.4,allow
2023-07-15 11:34:19.327639,25,10.0.0.2,10.0.0.4,allow
2023-11-02 14:29:45.928437,21,192.168.1.1,192.168.1.3,allow
2023-06-16 18:07:43.961732,82,10.0.0.1,10.0.0.4,allow
2023-08-23 15:58:00.358032,87,192.168.1.2,192.168.1.4,allow
2023-08-17 04:05:42.880740,31,192.168.1.1,10.0.0.4,deny
2023-01-27 13:23:04.582224,68,10.0.0.1,192.168.1.3,allow
2023-10-11 16:30:52.795986,72,10.0.0.2,10.0.0.3,allow
2023-12-09 10:36:32.713375,36,10.0.0.1,10.0.0.4,allow
2023-06-23 06:22:10.580250,33,10.0.0.2,192.168.1.4,allow
2023-07-15 16:03:27.834438,73,10.0.0.2,10.0.0.3,deny
2023-02-27 11:46:59.471181,81,192.168.1.1,10.0.0.3,deny
2023-08-02 08:40:40.569338,86,10.0.0.1,192.168.1.4,deny
2023-07-05 12:38:56.293931,23,192.168.1.2,10.0.0.3,allow
2023-02-16 01:00:52.282355,7,10.0.0.1,10.0.0.4,deny
2023-05-22 06:28:18.376592,44,192.168.1.1,10.0.0.4,deny
2023-09-19 22:09:36.457816,95,192.168.1.2,192.168.1.3,deny
2023-01-25 17:16:59.904896,47,10.0.0.2,192.168.1.3,allow
2023-01-17 12:54:25.761110,8,10.0.0.1,192.168.1.3,allow
2023-02-08 08:13:36.969222,55,192.168.1.1,10.0.0.4,deny
2023-03-31 20:16:41.596532,31,192.168.1.2,192.168.1.3,allow
2023-08-14 17:55:45.560578,1,10.0.0.2,10.0.0.4,deny
2023-05-21 12:44:35.203200,59,192.168.1.1,192.168.1.3,deny
2023-03-02 08:45:26.835886,7,10.0.0.2,192.168.1.4,allow
2023-08-21 15:11:07.692481,17,192.168.1.1,10.0.0.4,deny
2023-07-15 16:28:36.581885,69,192.168.1.1,10.0.0.4,deny
2023-12-21 09:14:07.244183,63,10.0.0.2,10.0.0.4,allow
2023-02-06 19:42:05.570122,53,192.168.1.2,192.168.1.3,allow
2023-11-08 23:05:01.597072,61,192.168.1.1,10.0.0.4,allow
2023-05-10 16:52:45.928040,94,10.0.0.1,10.0.0.3,allow
2023-09-15 16:40:19.929237,56,192.168.1.1,192.168.1.3,allow
2023-06-09 02:05:29.106212,25,192.168.1.2,192.168.1.4,deny
2023-05-13 02:32:11.945938,64,192.168.1.2,10.0.0.3,allow
2023-04-21 00:37:42.495341,76,192.168.1.1,10.0.0.4,deny
2023-01-28 00:59:54.070224,74,192.168.1.2,10.0.0.4,deny
2023-11-19 03:07:33.075035,80,10.0.0.1,192.168.1.4,allow
2023-03-02 19:16:00.089732,37,10.0.0.1,10.0.0.4,allow
2023-02-21 10:12:20.694928,39,10.0.0.1,10.0.0.4,allow
2023-08-21 11:05:45.010748,97,10.0.0.1,192.168.1.3,deny
2023-07-11 11:29:26.424680,82,10.0.0.2,10.0.0.4,allow
2023-05-30 12:40:01.061312,68,10.0.0.1,192.168.1.4,deny
2023-02-22 11:03:48.859901,91,192.168.1.2,10.0.0.4,allow
2023-12-16 05:54:46.798563,46,192.168.1.2,192.168.1.4,allow
2023-06-15 17:45:45.153753,51,10.0.0.2,192.168.1.3,allow
2023-02-23 15:34:23.277122,61,10.0.0.1,192.168.1.3,deny
2023-03-06 20:35:21.326573,77,192.168.1.2,192.168.1.4,deny
2023-09-10 10:07:18.627701,25,192.168.1.1,192.168.1.3,allow
2023-03-26 02:24:48.128512,22,192.168.1.1,10.0.0.3,deny
2023-09-18 02:51:38.465209,35,10.0.0.2,10.0.0.4,deny
2023-05-30 04:05:31.186533,45,10.0.0.1,192.168.1.4,allow
2023-06-23 11:20:15.731169,7,192.168.1.2,10.0.0.3,deny
2023-01-28 01:17:33.961163,60,10.0.0.2,192.168.1.3,allow
2023-03-09 22:12:07.697026,37,192.168.1.1,192.168.1.3,deny
2023-06-24 20:34:39.660820,49,192.168.1.2,192.168.1.3,allow
2023-08-14 11:33:11.628685,71,10.0.0.2,192.168.1.4,deny
2023-07-20 12:39:50.463253,74,10.0.0.1,192.168.1.4,deny
2023-03-13 02:48:54.624743,48,192.168.1.2,192.168.1.4,allow
2023-08-12 07:44:05.891238,97,10.0.0.1,192.168.1.3,allow
2023-03-28 02:12:21.940928,94,192.168.1.2,10.0.0.3,deny
2023-04-17 08:17:32.978665,11,10.0.0.2,192.168.1.4,allow
2023-01-25 02:18:01.757149,79,10.0.0.2,10.0.0.3,allow
2023-02-21 14:57:48.563605,91,192.168.1.1,10.0.0.3,deny
2023-11-24 22:25:24.458505,81,10.0.0.2,10.0.0.4,deny
2023-03-08 11:38:02.775362,46,192.168.1.2,10.0.0.4,allow
2023-11-21 16:47:53.711704,34,192.168.1.2,192.168.1.3,deny
2023-07-05 22:38:02.511670,68,10.0.0.1,10.0.0.4,deny
2023-03-13 10:41:10.275396,35,10.0.0.2,10.0.0.4,deny
2023-09-10 01:22:16.657246,24,192.168.1.2,10.0.0.3,deny
2023-07-19 18:19:29.942826,33,192.168.1.2,192.168.1.3,allow
2023-11-30 06:44:59.743538,33,10.0.0.2,10.0.0.4,deny
2023-04-15 22:17:52.261384,52,192.168.1.2,192.168.1.3,allow
2023-01-20 21:16:06.230667,72,192.168.1.1,10.0.0.4,allow
2023-02-26 21:20:30.008200,69,192.168.1.1,192.168.1.4,deny
2023-02-03 20:27:20.488620,86,10.0.0.2,10.0.0.3,allow
2023-11-10 15:09:21.718682,69,10.0.0.2,192.168.1.4,allow
2023-06-05 10:50:57.560100,79,10.0.0.2,192.168.1.4,allow
2023-03-30 23:22:07.261334,38,10.0.0.2,192.168.1.4,deny
2023-05-22 03:24:13.223158,58,192.168.1.2,192.168.1.4,deny
2023-12-20 04:52:18.470296,30,192.168.1.2,192.168.1.3,allow
2023-01-27 00:43:12.827181,48,10.0.0.1,192.168.1.3,allow
2023-10-13 18:52:20.615660,77,10.0.0.1,10.0.0.3,allow
2023-12-13 07:30:09.635024,33,10.0.0.2,192.168.1.4,allow
2023-04-03 08:58:52.599810,10,10.0.0.1,10.0.0.4,deny
2023-02-26 03:56:46.200904,76,192.168.1.1,10.0.0.3,allow
2023-03-25 08:31:09.803568,25,10.0.0.2,10.0.0.3,deny
2023-10-17 01:32:17.959256,70,192.168.1.2,192.168.1.4,deny
2023-10-19 20:56:29.614228,12,192.168.1.1,192.168.1.3,allow
2023-05-10 19:04:54.493590,79,10.0.0.1,192.168.1.4,deny
2023-09-16 19:05:47.189399,84,10.0.0.1,192.168.1.3,allow
2023-02-22 10:19:14.868999,4,192.168.1.2,192.168.1.4,allow
2023-06-03 07:27:36.963111,15,192.168.1.1,192.168.1.3,allow
2023-07-30 15:51:33.500411,75,10.0.0.1,192.168.1.3,deny
2023-02-16 13:07:33.387173,50,192.168.1.2,192.168.1.3,allow
2023-02-28 03:16:18.955487,59,10.0.0.1,10.0.0.4,deny
2023-03-13 03:28:13.368634,22,192.168.1.2,10.0.0.4,allow
2023-01-05 00:23:09.991572,93,192.168.1.2,10.0.0.3,allow
2023-12-03 11:40:02.302016,5,10.0.0.2,192.168.1.3,allow
2023-06-28 07:20:12.187528,31,192.168.1.1,192.168.1.3,allow
2023-07-05 22:20:26.189218,68,192.168.1.2,192.168.1.4,allow
2023-09-07 12:52:25.520366,79,192.168.1.2,10.0.0.3,deny
2023-08-26 06:42:09.217717,12,192.168.1.2,10.0.0.3,allow
2023-05-29 10:06:12.596798,24,192.168.1.2,192.168.1.4,deny
2023-03-13 23:50:59.139822,7,10.0.0.2,10.0.0.3,allow
2023-01-27 04:04:18.453770,50,192.168.1.2,192.168.1.4,deny
2023-02-22 19:46:29.341160,2,10.0.0.2,192.168.1.4,allow
2023-01-08 23:04:41.089873,56,10.0.0.1,10.0.0.4,allow
2023-12-13 04:39:23.896482,95,10.0.0.2,10.0.0.3,deny
2023-05-27 04:37:04.863538,13,10.0.0.2,10.0.0.4,deny
2023-01-12 17:52:45.624603,28,192.168.1.2,10.0.0.3,allow
2023-04-27 03:58:00.184021,59,10.0.0.2,192.168.1.4,allow
2023-12-15 23:51:04.576394,76,192.168.1.1,10.0.0.3,deny
2023-09-17 12:52:53.515371,48,10.0.0.2,192.168.1.4,allow
2023-06-03 08:24:06.620003,83,10.0.0.1,192.168.1.4,allow
2023-04-12 14:09:44.508622,84,10.0.0.2,10.0.0.4,allow
2023-12-08 14:28:49.931293,96,10.0.0.1,192.168.1.3,allow
2023-11-18 00:27:18.902308,49,192.168.1.2,192.168.1.4,allow
2023-09-28 13:35:53.182134,51,192.168.1.1,10.0.0.3,deny
2023-05-09 23:14:20.685507,13,10.0.0.2,192.168.1.4,deny
2023-11-05 01:09:44.265633,70,10.0.0.2,192.168.1.3,allow
2023-03-13 08:49:25.589318,64,192.168.1.1,192.168.1.4,allow
2023-06-14 07:19:49.375588,61,192.168.1.1,10.0.0.3,allow
2023-09-14 18:33:54.227527,77,192.168.1.1,192.168.1.4,allow
2023-12-10 09:57:34.077734,59,192.168.1.1,192.168.1.3,deny
2023-04-19 02:18:47.407302,39,10.0.0.2,192.168.1.3,allow
2023-05-05 22:00:13.629997,17,10.0.0.2,10.0.0.3,deny
2023-03-19 09:53:43.253205,63,192.168.1.1,192.168.1.4,deny
2023-01-22 16:11:02.331586,75,10.0.0.1,10.0.0.3,allow
2023-11-23 07:41:26.882510,52,10.0.0.2,192.168.1.4,deny
2023-03-26 04:02:20.769675,64,10.0.0.2,192.168.1.4,allow
2023-07-06 22:41:40.947704,91,10.0.0.1,192.168.1.3,allow
2023-04-23 19:14:08.168461,44,10.0.0.2,10.0.0.3,deny
2023-02-07 05:47:31.122693,32,10.0.0.1,10.0.0.4,allow
2023-02-12 02:58:16.825335,42,192.168.1.2,10.0.0.4,deny
2023-05-06 00:23:17.757371,65,10.0.0.2,10.0.0.3,deny
2023-03-21 23:14:55.221908,53,192.168.1.1,10.0.0.3,allow
2023-07-24 14:34:24.331773,61,10.0.0.1,10.0.0.3,allow
2023-09-17 14:01:16.322204,80,192.168.1.1,10.0.0.4,deny
2023-09-12 04:40:35.177299,38,10.0.0.2,192.168.1.3,allow
2023-02-12 03:19:20.476579,94,192.168.1.2,10.0.0.3,deny
2023-03-08 08:10:34.926134,48,10.0.0.1,192.168.1.4,deny
2023-05-04 03:54:31.743839,37,192.168.1.2,192.168.1.3,deny
2023-12-17 23:04:54.084748,56,10.0.0.1,10.0.0.3,deny
2023-07-03 01:05:52.165972,50,10.0.0.1,10.0.0.3,deny
2023-01-21 18:05:13.873629,99,192.168.1.2,192.168.1.3,deny
2023-06-09 03:28:57.812599,36,10.0.0.2,192.168.1.4,allow
2023-12-24 08:08:27.465098,26,10.0.0.2,10.0.0.3,allow
2023-11-30 04:21:15.296921,48,192.168.1.1,192.168.1.4,deny
2023-05-09 03:23:54.086807,57,10.0.0.2,192.168.1.4,deny
2023-11-08 17:38:13.619143,14,10.0.0.1,192.168.1.4,allow
2023-09-05 03:49:31.353541,64,10.0.0.1,10.0.0.3,allow
2023-09-07 23:41:33.445987,6,192.168.1.1,10.0.0.4,deny
2023-07-11 15:23:55.060273,7,192.168.1.1,192.168.1.4,allow
2023-06-18 10:10:32.943432,94,192.168.1.2,192.168.1.4,allow
2023-12-11 16:05:27.928272,51,192.168.1.1,10.0.0.3,allow
2023-03-31 18:53:31.678474,93,192.168.1.2,192.168.1.3,deny
2023-09-28 16:39:48.093109,74,192.168.1.1,192.168.1.4,deny
2023-08-09 00:08:28.610193,66,10.0.0.2,10.0.0.4,deny
2023-06-15 09:08:06.044796,54,192.168.1.1,10.0.0.3,allow
2023-11-04 19:53:10.256219,80,10.0.0.1,10.0.0.3,deny
2023-12-01 18:07:13.897634,73,10.0.0.2,192.168.1.4,deny
2023-06-16 21:35:08.362035,80,192.168.1.1,10.0.0.4,allow
2023-03-21 09:58:30.719312,81,192.168.1.2,192.168.1.3,deny
2023-08-11 01:05:58.360507,94,192.168.1.1,10.0.0.3,deny
2023-07-31 02:08:09.137207,27,192.168.1.2,192.168.1.4,allow
2023-07-10 16:47:25.520517,86,10.0.0.2,10.0.0.4,deny
2023-04-28 08:32:50.123192,2,10.0.0.2,10.0.0.4,allow
2023-10-02 00:31:23.485355,98,10.0.0.1,10.0.0.3,deny
2023-11-03 01:30:46.122711,33,10.0.0.1,10.0.0.3,allow
2023-12-21 07:14:29.337746,83,10.0.0.1,192.168.1.3,deny
2023-02-01 12:36:31.872337,65,192.168.1.1,10.0.0.3,deny
2023-11-22 20:21:49.303325,81,10.0.0.1,10.0.0.3,deny
2023-10-26 16:11:31.776572,45,192.168.1.2,192.168.1.3,deny
2023-01-09 09:13:12.906050,46,192.168.1.2,192.168.1.3,allow
2023-08-16 20:20:33.973536,16,10.0.0.1,10.0.0.4,deny
2023-03-15 14:05:42.352410,74,192.168.1.1,192.168.1.3,deny
2023-11-18 22:41:31.303326,84,10.0.0.1,192.168.1.3,deny
2023-10-12 06:53:39.059100,49,192.168.1.1,192.168.1.3,deny
2023-06-10 00:25:55.693785,98,192.168.1.1,192.168.1.4,deny
2023-11-16 19:14:43.225902,34,10.0.0.2,10.0.0.4,allow
2023-09-23 16:15:16.379411,40,10.0.0.2,192.168.1.4,deny
2023-10-22 17:40:53.165102,96,10.0.0.2,10.0.0.3,deny
2023-03-04 06:05:57.826196,23,10.0.0.1,10.0.0.3,allow
2023-06-21 03:25:49.340990,5,192.168.1.1,10.0.0.3,deny
2023-07-30 20:24:29.476835,72,10.0.0.1,10.0.0.3,allow
2023-12-09 20:01:06.106617,51,10.0.0.1,192.168.1.4,allow
2023-05-11 02:52:04.713472,73,10.0.0.1,192.168.1.4,allow
2023-02-27 08:09:15.954761,31,10.0.0.2,192.168.1.3,allow
2023-01-09 10:35:31.088747,12,192.168.1.2,192.168.1.4,deny
2023-05-30 05:46:25.528324,36,10.0.0.2,10.0.0.4,deny
2023-12-10 11:42:30.485892,93,192.168.1.1,10.0.0.3,allow
2023-05-03 11:29:42.999484,46,192.168.1.2,192.168.1.4,deny
2023-03-23 23:54:33.021088,76,192.168.1.2,10.0.0.4,deny
2023-03-19 08:22:34.310576,13,192.168.1.1,10.0.0.3,allow
2023-06-12 08:53:31.433134,23,192.168.1.1,192.168.1.4,deny
2023-10-19 21:22:45.419853,59,192.168.1.1,192.168.1.4,deny
2023-08-02 07:36:03.315886,88,192.168.1.1,192.168.1.4,allow
2023-11-01 05:47:16.774263,8,10.0.0.1,192.168.1.3,allow
2023-12-25 07:47:47.373046,46,10.0.0.1,192.168.1.4,allow
2023-07-28 20:39:36.881883,71,192.168.1.1,192.168.1.3,deny
2023-04-16 04:35:42.999325,53,10.0.0.2,10.0.0.3,allow
2023-07-19 11:42:50.004027,24,10.0.0.2,10.0.0.3,deny
2023-04-01 14:36:47.683563,52,10.0.0.2,192.168.1.4,deny
2023-03-23 17:22:19.874889,87,10.0.0.2,192.168.1.3,deny
2023-05-03 09:39:51.114160,78,192.168.1.2,10.0.0.3,deny
2023-01-04 06:09:50.877846,75,10.0.0.1,10.0.0.4,deny
2023-07-08 12:52:55.287296,11,10.0.0.1,10.0.0.4,allow
2023-10-01 05:42:26.179692,66,192.168.1.1,10.0.0.4,allow
2023-02-19 20:56:27.956719,5,10.0.0.2,10.0.0.3,deny
2023-03-14 17:48:54.732617,69,192.168.1.2,192.168.1.3,allow
2023-08-03 16:03:10.728388,53,10.0.0.1,192.168.1.3,deny
2023-11-17 21:43:50.432814,8,10.0.0.2,10.0.0.3,allow
2023-05-14 14:19:48.222717,13,192.168.1.2,10.0.0.4,allow
2023-01-08 09:09:40.095128,73,192.168.1.2,10.0.0.3,allow
2023-04-11 18:39:31.832984,5,10.0.0.1,10.0.0.3,deny
2023-01-25 04:42:42.203357,58,192.168.1.1,10.0.0.3,allow
2023-11-06 12:00:50.444603,25,192.168.1.2,10.0.0.4,allow
2023-12-16 03:49:22.123606,27,192.168.1.1,192.168.1.4,allow
2023-06-11 07:05:35.088930,12,10.0.0.2,192.168.1.3,deny
2023-09-09 23:09:49.906512,67,192.168.1.1,10.0.0.4,allow
2023-11-01 12:48:39.300967,29,10.0.0.2,10.0.0.3,allow
2023-08-28 18:11:06.912774,73,192.168.1.2,192.168.1.4,deny
2023-09-20 07:06:10.100888,27,192.168.1.2,10.0.0.3,deny
2023-10-28 18:49:48.045802,56,10.0.0.2,10.0.0.4,deny
